joint_RFCoxa_yaw,joint_RFCoxa,joint_RFCoxa_roll,joint_RFFemur,joint_RFFemur_roll,joint_RFTibia,joint_RFTarsus1,joint_LFCoxa_yaw,joint_LFCoxa,joint_LFCoxa_roll,joint_LFFemur,joint_LFFemur_roll,joint_LFTibia,joint_LFTarsus1,joint_RMCoxa_yaw,joint_RMCoxa,joint_RMCoxa_roll,joint_RMFemur,joint_RMFemur_roll,joint_RMTibia,joint_RMTarsus1,joint_LMCoxa_yaw,joint_LMCoxa,joint_LMCoxa_roll,joint_LMFemur,joint_LMFemur_roll,joint_LMTibia,joint_LMTarsus1,joint_RHCoxa_yaw,joint_RHCoxa,joint_RHCoxa_roll,joint_RHFemur,joint_RHFemur_roll,joint_RHTibia,joint_RHTarsus1,joint_LHCoxa_yaw,joint_LHCoxa,joint_LHCoxa_roll,joint_LHFemur,joint_LHFemur_roll,joint_LHTibia,joint_LHTarsus1
0.110106,0.610197,-1.321094,-2.608808,-0.916730,2.100722,-0.414764,-0.110106,0.610197,1.321094,-2.608808,0.916730,2.100722,-0.414764,-0.800527,0.402186,-1.871687,-1.443255,0.198057,1.988900,-0.573037,0.800527,0.402186,1.871687,-1.443255,-0.198057,1.988900,-0.573037,-0.429627,0.492218,-2.494781,-1.527801,0.413170,1.390487,0.048730,0.429627,0.492218,2.494781,-1.527801,-0.413170,1.390487,0.048730
0.163430,0.574311,-1.295659,-2.689655,-0.880199,2.039987,-0.419325,-0.163430,0.574311,1.295659,-2.689655,0.880199,2.039987,-0.419325,-0.804503,0.372121,-1.880420,-1.488243,0.149447,2.017175,-0.652499,0.804503,0.372121,1.880420,-1.488243,-0.149447,2.017175,-0.652499,-0.434035,0.478913,-2.419025,-1.662178,0.413941,1.560492,0.048398,0.434035,0.478913,2.419025,-1.662178,-0.413941,1.560492,0.048398
0.186195,0.533416,-1.247215,-2.734195,-0.868735,1.973840,-0.463430,-0.186195,0.533416,1.247215,-2.734195,0.868735,1.973840,-0.463430,-0.806355,0.348123,-1.884242,-1.529319,0.055257,2.041225,-0.752905,0.806355,0.348123,1.884242,-1.529319,-0.055257,2.041225,-0.752905,-0.426128,0.444248,-2.344237,-1.791883,0.416769,1.708370,0.045859,0.426128,0.444248,2.344237,-1.791883,-0.416769,1.708370,0.045859
0.177522,0.484301,-1.187176,-2.736789,-0.886830,1.908213,-0.535203,-0.177522,0.484301,1.187176,-2.736789,0.886830,1.908213,-0.535203,-0.801530,0.321885,-1.886938,-1.569762,-0.081365,2.054631,-0.851099,0.801530,0.321885,1.886938,-1.569762,0.081365,2.054631,-0.851099,-0.406659,0.392966,-2.279557,-1.903237,0.414006,1.839615,0.030213,0.406659,0.392966,2.279557,-1.903237,-0.414006,1.839615,0.030213
0.137522,0.428904,-1.124718,-2.696542,-0.924869,1.844503,-0.611403,-0.137522,0.428904,1.124718,-2.696542,0.924869,1.844503,-0.611403,-0.788513,0.286024,-1.891466,-1.608681,-0.232959,2.050733,-0.920665,0.788513,0.286024,1.891466,-1.608681,0.232959,2.050733,-0.920665,-0.382250,0.336168,-2.231599,-1.988135,0.397412,1.961502,0.000717,0.382250,0.336168,2.231599,-1.988135,-0.397412,1.961502,0.000717
0.074111,0.373847,-1.061693,-2.618927,-0.957302,1.778900,-0.681003,-0.074111,0.373847,1.061693,-2.618927,0.957302,1.778900,-0.681003,-0.770426,0.241374,-1.897376,-1.638702,-0.360301,2.030265,-0.948858,0.770426,0.241374,1.897376,-1.638702,0.360301,2.030265,-0.948858,-0.360533,0.287865,-2.205505,-2.045156,0.364637,2.073240,-0.028898,0.360533,0.287865,2.205505,-2.045156,-0.364637,2.073240,-0.028898
0.004123,0.327727,-0.996965,-2.513529,-0.965910,1.703282,-0.746093,-0.004123,0.327727,0.996965,-2.513529,0.965910,1.703282,-0.746093,-0.753447,0.196338,-1.902227,-1.648524,-0.440978,2.001824,-0.944328,0.753447,0.196338,1.902227,-1.648524,0.440978,2.001824,-0.944328,-0.346831,0.260050,-2.202643,-2.077917,0.324666,2.167625,-0.043235,0.346831,0.260050,2.202643,-2.077917,-0.324666,2.167625,-0.043235
-0.055035,0.294025,-0.932033,-2.391293,-0.951998,1.612341,-0.802813,0.055035,0.294025,0.932033,-2.391293,0.951998,1.612341,-0.802813,-0.742892,0.160488,-1.904589,-1.628864,-0.477228,1.973723,-0.925890,0.742892,0.160488,1.904589,-1.628864,0.477228,1.973723,-0.925890,-0.342615,0.256932,-2.218992,-2.091760,0.291231,2.238845,-0.041524,0.342615,0.256932,2.218992,-2.091760,-0.291231,2.238845,-0.041524
-0.094773,0.269954,-0.871976,-2.263766,-0.925969,1.511623,-0.839514,0.094773,0.269954,0.871976,-2.263766,0.925969,1.511623,-0.839514,-0.740140,0.136521,-1.905040,-1.577165,-0.479391,1.950024,-0.907867,0.740140,0.136521,1.905040,-1.577165,0.479391,1.950024,-0.907867,-0.344877,0.273866,-2.248292,-2.092557,0.270950,2.286426,-0.034035,0.344877,0.273866,2.248292,-2.092557,-0.270950,2.286426,-0.034035
-0.119077,0.248778,-0.819633,-2.137374,-0.893190,1.418236,-0.854955,0.119077,0.248778,0.819633,-2.137374,0.893190,1.418236,-0.854955,-0.743521,0.118585,-1.905010,-1.498593,-0.455136,1.930111,-0.897408,0.743521,0.118585,1.905010,-1.498593,0.455136,1.930111,-0.897408,-0.346794,0.300057,-2.284293,-2.088129,0.260899,2.313474,-0.030195,0.346794,0.300057,2.284293,-2.088129,-0.260899,2.313474,-0.030195
-0.138569,0.223936,-0.772805,-2.012669,-0.853264,1.349061,-0.863952,0.138569,0.223936,0.772805,-2.012669,0.853264,1.349061,-0.863952,-0.751670,0.098523,-1.905640,-1.402570,-0.410692,1.910233,-0.899743,0.751670,0.098523,1.905640,-1.402570,0.410692,1.910233,-0.899743,-0.340757,0.325212,-2.323357,-2.086102,0.254130,2.324149,-0.034802,0.340757,0.325212,2.323357,-2.086102,-0.254130,2.324149,-0.034802
-0.157374,0.195258,-0.728201,-1.893925,-0.806004,1.306662,-0.879028,0.157374,0.195258,0.728201,-1.893925,0.806004,1.306662,-0.879028,-0.765146,0.070982,-1.907098,-1.299489,-0.353158,1.888055,-0.919930,0.765146,0.070982,1.907098,-1.299489,0.353158,1.888055,-0.919930,-0.322336,0.344827,-2.364939,-2.090169,0.245688,2.322483,-0.048686,0.322336,0.344827,2.364939,-2.090169,-0.245688,2.322483,-0.048686
-0.166314,0.170434,-0.687227,-1.796859,-0.751824,1.282127,-0.895542,0.166314,0.170434,0.687227,-1.796859,0.751824,1.282127,-0.895542,-0.783435,0.034083,-1.909762,-1.202504,-0.289604,1.866576,-0.959407,0.783435,0.034083,1.909762,-1.202504,0.289604,1.866576,-0.959407,-0.293645,0.359825,-2.408623,-2.098215,0.235103,2.311903,-0.069027,0.293645,0.359825,2.408623,-2.098215,-0.235103,2.311903,-0.069027
-0.153648,0.160379,-0.657243,-1.741724,-0.693027,1.268001,-0.899907,0.153648,0.160379,0.657243,-1.741724,0.693027,1.268001,-0.899907,-0.802125,-0.010895,-1.913683,-1.129509,-0.224053,1.854686,-1.010424,0.802125,-0.010895,1.913683,-1.129509,0.224053,1.854686,-1.010424,-0.263274,0.372246,-2.450326,-2.103692,0.226497,2.293417,-0.090899,0.263274,0.372246,2.450326,-2.103692,-0.226497,2.293417,-0.090899
-0.120209,0.172829,-0.645715,-1.740519,-0.636842,1.266383,-0.885220,0.120209,0.172829,0.645715,-1.740519,0.636842,1.266383,-0.885220,-0.813394,-0.060147,-1.915247,-1.100221,-0.158473,1.862241,-1.052442,0.813394,-0.060147,1.915247,-1.100221,0.158473,1.862241,-1.052442,-0.242016,0.383018,-2.482934,-2.098894,0.224854,2.265862,-0.109646,0.242016,0.383018,2.482934,-2.098894,-0.224854,2.265862,-0.109646
-0.081853,0.208572,-0.655222,-1.791783,-0.596196,1.287365,-0.852842,0.081853,0.208572,0.655222,-1.791783,0.596196,1.287365,-0.852842,-0.809502,-0.107030,-1.904580,-1.130267,-0.099251,1.893067,-1.057931,0.809502,-0.107030,1.904580,-1.130267,0.099251,1.893067,-1.057931,-0.237395,0.393155,-2.500913,-2.078248,0.232004,2.228505,-0.122555,0.237395,0.393155,2.500913,-2.078248,-0.232004,2.228505,-0.122555
-0.057900,0.260804,-0.683737,-1.881087,-0.583171,1.338120,-0.805823,0.057900,0.260804,0.683737,-1.881087,0.583171,1.338120,-0.805823,-0.787452,-0.144038,-1.872728,-1.223626,-0.054709,1.941765,-1.005188,0.787452,-0.144038,1.872728,-1.223626,0.054709,1.941765,-1.005188,-0.251422,0.405154,-2.503396,-2.038765,0.245956,2.182861,-0.130343,0.251422,0.405154,2.503396,-2.038765,-0.245956,2.182861,-0.130343
-0.056061,0.320341,-0.728906,-1.990008,-0.602621,1.414895,-0.745912,0.056061,0.320341,0.728906,-1.990008,0.602621,1.414895,-0.745912,-0.752884,-0.168108,-1.826144,-1.358458,-0.024146,1.995401,-0.902797,0.752884,-0.168108,1.826144,-1.358458,0.024146,1.995401,-0.902797,-0.281530,0.423923,-2.494011,-1.979402,0.261980,2.133360,-0.136898,0.281530,0.423923,2.494011,-1.979402,-0.261980,2.133360,-0.136898
-0.035294,0.331117,-0.774966,-2.022615,-0.594260,1.484642,-0.749674,0.035294,0.331117,0.774966,-2.022615,0.594260,1.484642,-0.749674,-0.714703,-0.180728,-1.781812,-1.498716,0.000275,2.041740,-0.786853,0.714703,-0.180728,1.781812,-1.498716,-0.000275,2.041740,-0.786853,-0.322003,0.455295,-2.477823,-1.902622,0.273821,2.086661,-0.146257,0.322003,0.455295,2.477823,-1.902622,-0.273821,2.086661,-0.146257
-0.020873,0.342140,-0.824235,-2.060305,-0.591545,1.544168,-0.723793,0.020873,0.342140,0.824235,-2.060305,0.591545,1.544168,-0.723793,-0.681556,-0.185513,-1.754300,-1.611201,0.028504,2.074161,-0.694181,0.681556,-0.185513,1.754300,-1.611201,-0.028504,2.074161,-0.694181,-0.366541,0.502383,-2.457913,-1.814922,0.276069,2.049152,-0.159511,0.366541,0.502383,2.457913,-1.814922,-0.276069,2.049152,-0.159511
-0.020098,0.362450,-0.876585,-2.100002,-0.605074,1.588804,-0.676058,0.020098,0.362450,0.876585,-2.100002,0.605074,1.588804,-0.676058,-0.659935,-0.184629,-1.748674,-1.679971,0.066076,2.093080,-0.641143,0.659935,-0.184629,1.748674,-1.679971,-0.066076,2.093080,-0.641143,-0.410155,0.562103,-2.435737,-1.725292,0.267312,2.023577,-0.174666,0.410155,0.562103,2.435737,-1.725292,-0.267312,2.023577,-0.174666
-0.033543,0.393851,-0.928579,-2.134204,-0.637519,1.619674,-0.624380,0.033543,0.393851,0.928579,-2.134204,0.637519,1.619674,-0.624380,-0.654309,-0.175269,-1.761073,-1.705924,0.109333,2.103153,-0.623708,0.654309,-0.175269,1.761073,-1.705924,-0.109333,2.103153,-0.623708,-0.447988,0.625230,-2.414635,-1.643722,0.250787,2.007633,-0.188404,0.447988,0.625230,2.414635,-1.643722,-0.250787,2.007633,-0.188404
-0.055195,0.431584,-0.972877,-2.157418,-0.680644,1.640223,-0.584512,0.055195,0.431584,0.972877,-2.157418,0.680644,1.640223,-0.584512,-0.668108,-0.151698,-1.781838,-1.698857,0.148223,2.110837,-0.624314,0.668108,-0.151698,1.781838,-1.698857,-0.148223,2.110837,-0.624314,-0.473718,0.680699,-2.401935,-1.578359,0.232258,1.995328,-0.198849,0.473718,0.680699,2.401935,-1.578359,-0.232258,1.995328,-0.198849
-0.075160,0.469280,-1.004619,-2.171210,-0.723067,1.653919,-0.562056,0.075160,0.469280,1.004619,-2.171210,0.723067,1.653919,-0.562056,-0.703217,-0.111962,-1.800047,-1.669719,0.174159,2.121743,-0.622275,0.703217,-0.111962,1.800047,-1.669719,-0.174159,2.121743,-0.622275,-0.482191,0.720883,-2.405383,-1.531330,0.217351,1.979296,-0.207069,0.482191,0.720883,2.405383,-1.531330,-0.217351,1.979296,-0.207069
-0.083708,0.501933,-1.026231,-2.182013,-0.756873,1.663785,-0.553265,0.083708,0.501933,1.026231,-2.182013,0.756873,1.663785,-0.553265,-0.756116,-0.063687,-1.808473,-1.630520,0.187753,2.138422,-0.604948,0.756116,-0.063687,1.808473,-1.630520,-0.187753,2.138422,-0.604948,-0.474408,0.743890,-2.425959,-1.498743,0.209602,1.953431,-0.214553,0.474408,0.743890,2.425959,-1.498743,-0.209602,1.953431,-0.214553
-0.076317,0.527121,-1.043165,-2.194243,-0.778320,1.671337,-0.552354,0.076317,0.527121,1.043165,-2.194243,0.778320,1.671337,-0.552354,-0.811970,-0.023016,-1.807140,-1.598434,0.198725,2.159588,-0.575111,0.811970,-0.023016,1.807140,-1.598434,-0.198725,2.159588,-0.575111,-0.458434,0.752294,-2.455582,-1.474891,0.210198,1.914879,-0.220693,0.458434,0.752294,2.455582,-1.474891,-0.210198,1.914879,-0.220693
-0.057137,0.544746,-1.059242,-2.208080,-0.788457,1.678827,-0.553556,0.057137,0.544746,1.059242,-2.208080,0.788457,1.678827,-0.553556,-0.847722,-0.003407,-1.801600,-1.591641,0.215296,2.181882,-0.547853,0.847722,-0.003407,1.801600,-1.591641,-0.215296,2.181882,-0.547853,-0.444718,0.750766,-2.482816,-1.455516,0.219134,1.864505,-0.223275,0.444718,0.750766,2.482816,-1.455516,-0.219134,1.864505,-0.223275
-0.037302,0.556322,-1.074505,-2.221209,-0.791877,1.690373,-0.552120,0.037302,0.556322,1.074505,-2.221209,0.791877,1.690373,-0.552120,-0.848189,-0.003938,-1.796321,-1.616107,0.235423,2.201917,-0.537651,0.848189,-0.003938,1.796321,-1.616107,-0.235423,2.201917,-0.537651,-0.439467,0.744324,-2.500954,-1.438608,0.235728,1.806086,-0.220096,0.439467,0.744324,2.500954,-1.438608,-0.235728,1.806086,-0.220096
-0.029261,0.563383,-1.085514,-2.232160,-0.793670,1.712778,-0.544704,0.029261,0.563383,1.085514,-2.232160,0.793670,1.712778,-0.544704,-0.821560,-0.010584,-1.792531,-1.654606,0.251576,2.216527,-0.549177,0.821560,-0.010584,1.792531,-1.654606,-0.251576,2.216527,-0.549177,-0.440673,0.737352,-2.512045,-1.423164,0.257678,1.743842,-0.211201,0.440673,0.737352,2.512045,-1.423164,-0.257678,1.743842,-0.211201
-0.039722,0.566846,-1.089001,-2.241942,-0.798072,1.752484,-0.530507,0.039722,0.566846,1.089001,-2.241942,0.798072,1.752484,-0.530507,-0.796000,-0.005062,-1.791335,-1.673218,0.259611,2.223024,-0.577934,0.796000,-0.005062,1.791335,-1.673218,-0.259611,2.223024,-0.577934,-0.439913,0.732995,-2.523898,-1.408277,0.280315,1.679923,-0.198840,0.439913,0.732995,2.523898,-1.408277,-0.280315,1.679923,-0.198840
-0.064030,0.566814,-1.084737,-2.252740,-0.805722,1.808906,-0.514117,0.064030,0.566814,1.084737,-2.252740,0.805722,1.808906,-0.514117,-0.799652,0.023705,-1.792142,-1.643196,0.262013,2.219343,-0.614790,0.799652,0.023705,1.792142,-1.643196,-0.262013,2.219343,-0.614790,-0.428715,0.732385,-2.542939,-1.394054,0.297859,1.614401,-0.183773,0.428715,0.732385,2.542939,-1.394054,-0.297859,1.614401,-0.183773
-0.087707,0.563157,-1.074931,-2.265183,-0.812742,1.873553,-0.506819,0.087707,0.563157,1.074931,-2.265183,0.812742,1.873553,-0.506819,-0.835172,0.066275,-1.789214,-1.567948,0.268084,2.204473,-0.651756,0.835172,0.066275,1.789214,-1.567948,-0.268084,2.204473,-0.651756,-0.405159,0.733997,-2.569121,-1.381950,0.306655,1.547160,-0.163257,0.405159,0.733997,2.569121,-1.381950,-0.306655,1.547160,-0.163257
-0.095047,0.557304,-1.063174,-2.275602,-0.814374,1.934487,-0.522533,0.095047,0.557304,1.063174,-2.275602,0.814374,1.934487,-0.522533,-0.881756,0.101985,-1.780363,-1.478708,0.286307,2.180101,-0.684058,0.881756,0.101985,1.780363,-1.478708,-0.286307,2.180101,-0.684058,-0.375101,0.733742,-2.596932,-1.374691,0.307608,1.480461,-0.134099,0.375101,0.733742,2.596932,-1.374691,-0.307608,1.480461,-0.134099
-0.078790,0.552772,-1.054251,-2.278866,-0.808230,1.981781,-0.566946,0.078790,0.552772,1.054251,-2.278866,0.808230,1.981781,-0.566946,-0.913946,0.116329,-1.772526,-1.412029,0.318316,2.152023,-0.706658,0.913946,0.116329,1.772526,-1.412029,-0.318316,2.152023,-0.706658,-0.346689,0.727238,-2.619885,-1.376425,0.303995,1.420996,-0.097025,0.346689,0.727238,2.619885,-1.376425,-0.303995,1.420996,-0.097025
-0.045214,0.554965,-1.053373,-2.274065,-0.799175,2.011430,-0.630791,0.045214,0.554965,1.053373,-2.274065,0.799175,2.011430,-0.630791,-0.919543,0.110087,-1.773629,-1.385489,0.359436,2.126082,-0.715894,0.919543,0.110087,1.773629,-1.385489,-0.359436,2.126082,-0.715894,-0.324218,0.712375,-2.634044,-1.390771,0.298331,1.377367,-0.057672,0.324218,0.712375,2.634044,-1.390771,-0.298331,1.377367,-0.057672
-0.011864,0.569351,-1.062308,-2.265694,-0.798931,2.025870,-0.692049,0.011864,0.569351,1.062308,-2.265694,0.798931,2.025870,-0.692049,-0.903136,0.096576,-1.783849,-1.393169,0.399853,2.104347,-0.710888,0.903136,0.096576,1.783849,-1.393169,-0.399853,2.104347,-0.710888,-0.307397,0.690565,-2.638819,-1.416700,0.292065,1.352839,-0.022753,0.307397,0.690565,2.638819,-1.416700,-0.292065,1.352839,-0.022753
0.002019,0.598312,-1.078489,-2.257542,-0.819156,2.032745,-0.730605,-0.002019,0.598312,1.078489,-2.257542,0.819156,2.032745,-0.730605,-0.876327,0.091464,-1.797824,-1.418763,0.427589,2.086124,-0.692742,0.876327,0.091464,1.797824,-1.418763,-0.427589,2.086124,-0.692742,-0.295802,0.666617,-2.634690,-1.446827,0.286740,1.342100,0.006264,0.295802,0.666617,2.634690,-1.446827,-0.286740,1.342100,0.006264
-0.014245,0.637482,-1.097872,-2.249906,-0.863082,2.043392,-0.738124,0.014245,0.637482,1.097872,-2.249906,0.863082,2.043392,-0.738124,-0.848463,0.104004,-1.811220,-1.447633,0.434942,2.069822,-0.664387,0.848463,0.104004,1.811220,-1.447633,-0.434942,2.069822,-0.664387,-0.291452,0.646127,-2.621944,-1.469963,0.285123,1.333225,0.034027,0.291452,0.646127,2.621944,-1.469963,-0.285123,1.333225,0.034027
-0.055435,0.676640,-1.118084,-2.243643,-0.921389,2.065373,-0.717268,0.055435,0.676640,1.118084,-2.243643,0.921389,2.065373,-0.717268,-0.824959,0.135464,-1.822623,-1.469157,0.421853,2.053558,-0.631715,0.824959,0.135464,1.822623,-1.469157,-0.421853,2.053558,-0.631715,-0.296371,0.631578,-2.602097,-1.477729,0.290138,1.314374,0.065587,0.296371,0.631578,2.602097,-1.477729,-0.290138,1.314374,0.065587
-0.101212,0.704343,-1.142484,-2.244618,-0.977543,2.097747,-0.674683,0.101212,0.704343,1.142484,-2.244618,0.977543,2.097747,-0.674683,-0.808570,0.183274,-1.832182,-1.475936,0.392352,2.035754,-0.602585,0.808570,0.183274,1.832182,-1.475936,-0.392352,2.035754,-0.602585,-0.310001,0.619461,-2.579011,-1.471351,0.303799,1.282376,0.100395,0.310001,0.619461,2.579011,-1.471351,-0.303799,1.282376,0.100395
-0.124922,0.713403,-1.178458,-2.264886,-1.015825,2.132945,-0.617272,0.124922,0.713403,1.178458,-2.264886,1.015825,2.132945,-0.617272,-0.800117,0.242822,-1.840099,-1.464763,0.351967,2.015611,-0.583591,0.800117,0.242822,1.840099,-1.464763,-0.351967,2.015611,-0.583591,-0.329255,0.602368,-2.557977,-1.461354,0.326367,1.245974,0.131335,0.329255,0.602368,2.557977,-1.461354,-0.326367,1.245974,0.131335
-0.107739,0.703791,-1.227517,-2.315598,-1.026835,2.159381,-0.553856,0.107739,0.703791,1.227517,-2.315598,1.026835,2.159381,-0.553856,-0.797621,0.305991,-1.846058,-1.441249,0.306579,1.994951,-0.576290,0.797621,0.305991,1.846058,-1.441249,-0.306579,1.994951,-0.576290,-0.350741,0.575555,-2.542843,-1.459661,0.354590,1.222049,0.147833,0.350741,0.575555,2.542843,-1.459661,-0.354590,1.222049,0.147833
-0.048657,0.679182,-1.279369,-2.399549,-1.007622,2.165669,-0.493262,0.048657,0.679182,1.279369,-2.399549,1.007622,2.165669,-0.493262,-0.797446,0.361304,-1.851199,-1.420297,0.261930,1.979414,-0.576348,0.797446,0.361304,1.851199,-1.420297,-0.261930,1.979414,-0.576348,-0.373684,0.541508,-2.532363,-1.472136,0.382215,1.229268,0.140739,0.373684,0.541508,2.532363,-1.472136,-0.382215,1.229268,0.140739
0.032977,0.645673,-1.315315,-2.504900,-0.965397,2.145599,-0.443548,-0.032977,0.645673,1.315315,-2.504900,0.965397,2.145599,-0.443548,-0.797284,0.397278,-1.858893,-1.418344,0.222983,1.976094,-0.576669,0.797284,0.397278,1.858893,-1.418344,-0.222983,1.976094,-0.576669,-0.399847,0.509841,-2.519357,-1.496668,0.403259,1.283008,0.106234,0.399847,0.509841,2.519357,-1.496668,-0.403259,1.283008,0.106234
0.110106,0.610197,-1.321094,-2.608808,-0.916730,2.100722,-0.414764,-0.110106,0.610197,1.321094,-2.608808,0.916730,2.100722,-0.414764,-0.800527,0.402186,-1.871687,-1.443255,0.198057,1.988900,-0.573037,0.800527,0.402186,1.871687,-1.443255,-0.198057,1.988900,-0.573037,-0.429627,0.492218,-2.494781,-1.527801,0.413170,1.390487,0.048730,0.429627,0.492218,2.494781,-1.527801,-0.413170,1.390487,0.048730
